{
    "timestamp": "2026-05-31T17:44:49.130870",
    "model_type": "1D CNN",
    "test_size": 0.3,
    "batch_size": 32,
    "epochs": 10,
    "final_epoch": 10,
    "metrics": {
        "mean_squared_error": 149.65052929423766,
        "root_mean_squared_error": 12.233173312523519,
        "mean_absolute_error": 7.8643453672625006,
        "r2_score": 0.1629212851490358
    },
    "training_history": {
        "final_train_loss": 169.85247802734375,
        "final_val_loss": 149.65052795410156,
        "final_train_r2": -58.29957962036133,
        "final_val_r2": -44.891822814941406
    }
}