{
    "train_mae": 10.89772891998291,
    "val_mae": 16.673480987548828,
    "step": 99
}
